Type,0
Level,8
HP,500.000000
MP,300.000000
EXP,210.000000
Name,test5
X,4567.000000
Y,7567.000000
Z,1.000000
