Type,0
Level,41
HP,86.554291
MP,300.000000
EXP,1200.000000
Name,test1
X,5000.000000
Y,6850.000000
Z,1.000000
