Type,0
Level,1
HP,500.000000
MP,300.000000
EXP,0.000000
Name,test1
X,5000.000000
Y,6850.000000
Z,1.000000
