Type,0
Level,41
HP,3.256742
MP,300.000000
EXP,1200.000000
Name,test1
X,5354.018066
Y,7261.776367
Z,0.000000
