Type,0
Level,1
HP,373.799133
MP,300.000000
EXP,0.000000
Name,test4
X,3481.735352
Y,9918.956055
Z,0.000000
