Type,0
Level,1
HP,50.000000
MP,50.000000
EXP,0.000000
Name,test5
X,4.882547
Y,4.882547
Z,0.000006
