Type,0
Level,1
HP,50.000000
MP,50.000000
EXP,0.000000
Name,test0
X,4262.520020
Y,8509.637695
Z,0.000000
