Type,0
Level,1
HP,50.000000
MP,50.000000
EXP,0.000000
Name,test1
X,5869.175293
Y,9358.999023
Z,0.000000
