Type,0
Level,1
HP,50.000000
MP,50.000000
EXP,0.000000
Name,test1
X,4100.788574
Y,8705.500000
Z,0.000000
