Type,0
Level,1
HP,50.000000
MP,50.000000
EXP,0.000000
Name,test1
X,5873.000000
Y,9555.000000
Z,0.000000
