Type,0
Level,1
HP,50.000000
MP,50.000000
EXP,0.000000
Name,test0
X,5290.506836
Y,9934.907227
Z,0.000000
