Type,0
Level,17
HP,15.020788
MP,300.000000
EXP,480.000000
Name,test0
X,5865.157715
Y,9410.007812
Z,0.006855
