Type,0
Level,41
HP,3.219052
MP,300.000000
EXP,1200.000000
Name,test1
X,5363.391602
Y,6940.156738
Z,0.000000
