Type,0
Level,41
HP,499.525177
MP,300.000000
EXP,1200.000000
Name,test1
X,4834.375977
Y,6955.719727
Z,0.018109
