Type,0
Level,16
HP,500.000000
MP,85.337624
EXP,450.000000
Name,test2
X,5196.955566
Y,7220.381348
Z,0.000003
