Type,0
Level,1
HP,50.000000
MP,50.000000
EXP,0.000000
Name,test1
X,4481.833008
Y,8468.500977
Z,1.000000
