Type,0
Level,722
HP,468.964111
MP,239.573502
EXP,21630.000000
Name,test1
X,4567.000000
Y,7567.000000
Z,1.000000
ItemType,3
ItemStage,0
IndexX,0.000000
IndexY,0.000000
ItemType,4
ItemStage,0
IndexX,0.000000
IndexY,0.000000
ItemType,5
ItemStage,0
IndexX,0.000000
IndexY,0.000000
