Type,0
Level,1
HP,50.000000
MP,50.000000
EXP,0.000000
Name,test1
X,5055.053711
Y,7176.985352
Z,0.000106
