Type,0
Level,1
HP,10.000000
MP,10.000000
EXP,0.000000
Name,sunwoo
