Type,0
Level,710
HP,64.916283
MP,22.895344
EXP,21270.000000
Name,test1
X,5189.483887
Y,7082.829102
Z,0.000000
ItemType,3
ItemStage,0
IndexX,0.000000
IndexY,0.000000
ItemType,1
ItemStage,0
IndexX,0.000000
IndexY,0.000000
ItemType,4
ItemStage,0
IndexX,0.000000
IndexY,0.000000
ItemType,5
ItemStage,0
IndexX,1.000000
IndexY,0.000000
