Type,0
Level,1
HP,269.415070
MP,300.000000
EXP,0.000000
Name,test3
X,4656.608398
Y,12638.574219
Z,-0.000000
