Type,0
Level,1
HP,50.000000
MP,50.000000
EXP,0.000000
Name,test0
X,3801.775635
Y,9021.644531
Z,0.000000
