Type,0
Level,1
HP,387.632385
MP,270.084106
EXP,0.000000
Name,test0
X,5000.000000
Y,6850.000000
Z,1.000000
