Type,0
Level,1
HP,54.803806
MP,489.515045
EXP,0.000000
Name,test1
X,5516.371094
Y,7443.441895
Z,0.000000
