Type,0
Level,1
HP,500.000000
MP,186.487045
EXP,0.000000
Name,test1
X,5144.461426
Y,12450.555664
Z,0.000000
