Type,0
Level,1
HP,500.000000
MP,500.000000
EXP,0.000000
Name,test1
X,5200.472656
Y,7421.649414
Z,0.000000
ItemType,5
ItemStage,1
IndexX,2.000000
IndexY,0.000000
