Type,0
Level,1
HP,50.000000
MP,50.000000
EXP,0.000000
Name,test3
X,3618.694092
Y,8866.710938
Z,0.236695
