Type,0
Level,1
HP,50.000000
MP,50.000000
EXP,0.000000
Name,test0
X,5220.810059
Y,7181.179199
Z,0.000000
