Type,0
Level,1
HP,50.000000
MP,50.000000
EXP,0.000000
Name,test1
X,4591.044434
Y,7985.124512
Z,0.000000
