Type,0
Level,1
HP,500.000000
MP,300.000000
EXP,0.000000
Name,test0
X,6825.733398
Y,9384.919922
Z,0.000000
ItemType,6
ItemStage,1
IndexX,0.000000
IndexY,0.000000
