Type,0
Level,1
HP,500.000000
MP,285.826965
EXP,0.000000
Name,test0
X,5504.741699
Y,13061.126953
Z,1.000000
