Type,0
Level,1
HP,50.000000
MP,50.000000
EXP,0.000000
Name,test0
X,3630.968506
Y,9795.025391
Z,0.000000
