Type,0
Level,1
HP,50.000000
MP,50.000000
EXP,0.000000
Name,test1
X,5706.340332
Y,9635.457031
Z,0.000000
