Type,0
Level,1
HP,500.000000
MP,31.120094
EXP,0.000000
Name,test2
X,4092.445801
Y,8867.881836
Z,0.000000
