Type,0
Level,1
HP,50.000000
MP,50.000000
EXP,0.000000
Name,test0
X,4355.000000
Y,8767.000000
Z,0.000000
