Type,0
Level,53
HP,60.597294
MP,251.246597
EXP,1560.000000
Name,test1
X,5000.000000
Y,6850.000000
Z,1.000000
