Type,0
Level,68
HP,11.193872
MP,300.000000
EXP,2010.000000
Name,test1
X,5836.333008
Y,9116.259766
Z,-0.000000
