Type,0
Level,1
HP,358.994232
MP,300.000000
EXP,0.000000
Name,test5
X,3790.234863
Y,12672.134766
Z,-0.000000
