Type,0
Level,1
HP,50.000000
MP,50.000000
EXP,0.000000
Name,test2
X,4156.297852
Y,8781.995117
Z,0.000000
