Type,0
Level,1
HP,50.000000
MP,50.000000
EXP,0.000000
Name,test1
X,1.000000
Y,1.000000
Z,1.000000
