Type,0
Level,49
HP,10.643218
MP,92.009727
EXP,1440.000000
Name,test0
X,5648.462402
Y,9602.779297
Z,-0.000019
