Type,0
Level,1
HP,6.170141
MP,300.000000
EXP,0.000000
Name,test1
X,4343.214844
Y,8767.619141
Z,-0.000000
