Type,0
Level,84
HP,500.000000
MP,300.000000
EXP,2490.000000
Name,test1
X,4905.648926
Y,7745.503906
Z,0.010052
ItemType,0
ItemStage,0
IndexX,0.000000
IndexY,0.000000
ItemType,5
ItemStage,0
IndexX,4.000000
IndexY,0.000000
ItemType,5
ItemStage,0
IndexX,4.000000
IndexY,0.000000
ItemType,4
ItemStage,0
IndexX,6.000000
IndexY,0.000000
