Type,0
Level,1
HP,50.000000
MP,50.000000
EXP,0.000000
Name,test4
X,4715.559082
Y,8717.362305
Z,0.001626
