Type,0
Level,37
HP,500.000000
MP,300.000000
EXP,1080.000000
Name,test1
X,5796.062500
Y,9484.837891
Z,-0.000000
