Type,0
Level,12
HP,500.000000
MP,156.243271
EXP,330.000000
Name,test0
X,3919.235840
Y,8822.516602
Z,0.000000
