Type,0
Level,1
HP,50.000000
MP,50.000000
EXP,0.000000
Name,test4
X,5335.337402
Y,7365.656738
Z,0.000005
