Type,0
Level,1
HP,50.000000
MP,50.000000
EXP,0.000000
Name,test1
X,5112.080566
Y,7768.083496
Z,0.006331
