Type,0
Level,45
HP,112.087608
MP,300.000000
EXP,1320.000000
Name,test3
X,4802.877441
Y,10320.648438
Z,0.000000
