Type,0
Level,1
HP,50.000000
MP,50.000000
EXP,0.000000
Name,test1
X,4184.140625
Y,8821.013672
Z,0.000001
