Type,0
Level,16
HP,480.275391
MP,164.845001
EXP,450.000000
Name,test2
X,5257.645508
Y,7440.897949
Z,0.000000
