Type,0
Level,22
HP,500.000000
MP,300.000000
EXP,630.000000
Name,test2
X,5985.892090
Y,8608.976562
Z,0.000000
ItemType,3
ItemStage,0
IndexX,7.000000
IndexY,1.000000
ItemType,5
ItemStage,0
IndexX,0.000000
IndexY,2.000000
ItemType,4
ItemStage,0
IndexX,2.000000
IndexY,0.000000
