Type,0
Level,3
HP,500.000000
MP,217.296082
EXP,60.000000
Name,test3
X,4379.044434
Y,12724.555664
Z,-0.000003
