Type,0
Level,1
HP,457.740662
MP,300.000000
EXP,0.000000
Name,test1
X,5064.341309
Y,7095.978516
Z,0.000143
