Type,0
Level,1
HP,1.000000
MP,505.000000
EXP,0.000000
Name,test0
X,4655.675293
Y,7715.417480
Z,1.000000
