Type,0
Level,41
HP,500.000000
MP,300.000000
EXP,1200.000000
Name,test1
X,4897.663574
Y,7998.284668
Z,-0.000000
