Type,0
Level,1
HP,50.000000
MP,50.000000
EXP,0.000000
Name,test1
X,4140.463867
Y,8833.363281
Z,0.049741
