Type,0
Level,1
HP,500.000000
MP,300.000000
EXP,0.000000
Name,test0
X,5070.339844
Y,6826.021973
Z,0.000012
