Type,0
Level,41
HP,6.149812
MP,300.000000
EXP,1200.000000
Name,test1
X,5065.137695
Y,6986.256348
Z,0.000000
